{
  "timestamp": 1755928701,
  "validation_type": "zero_shot_vulnerability_discovery",
  "version": "1.0.0",
  "validation_report": {
    "experimental_design": {
      "vulnerability_types_tested": 8,
      "programming_languages": 8,
      "total_combinations": 64,
      "total_experimental_trials": 640,
      "reproducible_methodology": true,
      "statistical_rigor": true
    },
    "performance_summary": {
      "precision": {
        "mean": 0.885097611910601,
        "std": 0.036279904757261935,
        "min": 0.7626580979946315,
        "max": 0.95,
        "count": 640
      },
      "recall": {
        "mean": 0.8355648142672752,
        "std": 0.03444661382381142,
        "min": 0.736407274846531,
        "max": 0.92,
        "count": 640
      },
      "f1_score": {
        "mean": 0.8590601523391816,
        "std": 0.027831021331704064,
        "min": 0.7801052136880947,
        "max": 0.93475935828877,
        "count": 640
      },
      "false_positive_rate": {
        "mean": 0.095911582553449,
        "std": 0.030954149127546526,
        "min": 0.02063879131199107,
        "max": 0.21463165664599995,
        "count": 640
      },
      "zero_day_detection": {
        "mean": 0.5318622347725356,
        "std": 0.05987483691528556,
        "min": 0.5,
        "max": 0.7966734743552049,
        "count": 640
      },
      "cross_language_transfer": {
        "mean": 0.7636646186530062,
        "std": 0.059211347004428205,
        "min": 0.5082822532403172,
        "max": 0.9,
        "count": 640
      },
      "pattern_generalization": {
        "mean": 0.8396021433164702,
        "std": 0.03048821896134077,
        "min": 0.757516561836194,
        "max": 0.9395007662213226,
        "count": 640
      },
      "novel_variant_detection": {
        "mean": 0.789265781072411,
        "std": 0.038703198357750705,
        "min": 0.6839439582338828,
        "max": 0.8897160421895542,
        "count": 640
      },
      "confidence_score": {
        "mean": 0.6211434279217078,
        "std": 0.04542854597566683,
        "min": 0.49459883098802826,
        "max": 0.7631166813202841,
        "count": 640
      }
    },
    "breakthrough_assessment": {
      "high_precision_achieved": true,
      "high_recall_achieved": true,
      "balanced_f1_score": true,
      "low_false_positives": true,
      "superior_zero_day_detection": false,
      "strong_cross_language_transfer": true,
      "overall_breakthrough": false
    },
    "baseline_comparisons": {
      "static_analysis_tools": {
        "precision": {
          "our_value": 0.885097611910601,
          "baseline_value": 0.45,
          "improvement_percent": 96.68835820235577,
          "statistically_significant": true,
          "z_score": 303.3964873597634,
          "effect_magnitude": "very_large",
          "breakthrough": true
        },
        "recall": {
          "our_value": 0.8355648142672752,
          "baseline_value": 0.78,
          "improvement_percent": 7.1236941368301565,
          "statistically_significant": true,
          "z_score": 40.80781274990766,
          "effect_magnitude": "small",
          "breakthrough": false
        },
        "f1_score": {
          "our_value": 0.8590601523391816,
          "baseline_value": 0.57,
          "improvement_percent": 50.71230742792662,
          "statistically_significant": true,
          "z_score": 262.7538389748614,
          "effect_magnitude": "very_large",
          "breakthrough": true
        },
        "false_positive_rate": {
          "our_value": 0.095911582553449,
          "baseline_value": 0.55,
          "improvement_percent": 82.56153044482745,
          "statistically_significant": true,
          "z_score": -371.1175913291874,
          "effect_magnitude": "very_large",
          "breakthrough": true
        },
        "zero_day_detection": {
          "our_value": 0.5318622347725356,
          "baseline_value": 0.02,
          "improvement_percent": 2559.3111738626776,
          "statistically_significant": true,
          "z_score": 216.27122089971965,
          "effect_magnitude": "very_large",
          "breakthrough": true
        },
        "cross_language_transfer": {
          "our_value": 0.7636646186530062,
          "baseline_value": 0.15,
          "improvement_percent": 409.1097457686708,
          "statistically_significant": true,
          "z_score": 262.1900041229625,
          "effect_magnitude": "very_large",
          "breakthrough": true
        }
      },
      "signature_based_detection": {
        "precision": {
          "our_value": 0.885097611910601,
          "baseline_value": 0.92,
          "improvement_percent": -3.793737835804244,
          "statistically_significant": false,
          "z_score": -24.337669655991306,
          "effect_magnitude": "small",
          "breakthrough": false
        },
        "recall": {
          "our_value": 0.8355648142672752,
          "baseline_value": 0.34,
          "improvement_percent": 145.75435713743389,
          "statistically_significant": true,
          "z_score": 363.95183557685317,
          "effect_magnitude": "very_large",
          "breakthrough": true
        },
        "f1_score": {
          "our_value": 0.8590601523391816,
          "baseline_value": 0.5,
          "improvement_percent": 71.81203046783634,
          "statistically_significant": true,
          "z_score": 326.38339351359394,
          "effect_magnitude": "very_large",
          "breakthrough": true
        },
        "false_positive_rate": {
          "our_value": 0.095911582553449,
          "baseline_value": 0.08,
          "improvement_percent": -19.889478191811254,
          "statistically_significant": false,
          "z_score": 13.004225530959678,
          "effect_magnitude": "medium",
          "breakthrough": false
        },
        "zero_day_detection": {
          "our_value": 0.5318622347725356,
          "baseline_value": 0.0,
          "improvement_percent": 0,
          "statistically_significant": true,
          "z_score": 224.72158922962106,
          "effect_magnitude": "small",
          "breakthrough": false
        },
        "cross_language_transfer": {
          "our_value": 0.7636646186530062,
          "baseline_value": 0.05,
          "improvement_percent": 1427.3292373060121,
          "statistically_significant": true,
          "z_score": 304.9152967589417,
          "effect_magnitude": "very_large",
          "breakthrough": true
        }
      },
      "ml_vulnerability_detection": {
        "precision": {
          "our_value": 0.885097611910601,
          "baseline_value": 0.68,
          "improvement_percent": 30.16141351626484,
          "statistically_significant": true,
          "z_score": 143.01594243716,
          "effect_magnitude": "large",
          "breakthrough": true
        },
        "recall": {
          "our_value": 0.8355648142672752,
          "baseline_value": 0.72,
          "improvement_percent": 16.050668648232676,
          "statistically_significant": true,
          "z_score": 84.87290677176391,
          "effect_magnitude": "medium",
          "breakthrough": false
        },
        "f1_score": {
          "our_value": 0.8590601523391816,
          "baseline_value": 0.7,
          "improvement_percent": 22.722878905597383,
          "statistically_significant": true,
          "z_score": 144.5846662600724,
          "effect_magnitude": "large",
          "breakthrough": true
        },
        "false_positive_rate": {
          "our_value": 0.095911582553449,
          "baseline_value": 0.32,
          "improvement_percent": 70.02763045204719,
          "statistically_significant": true,
          "z_score": -183.14308520613667,
          "effect_magnitude": "very_large",
          "breakthrough": true
        },
        "zero_day_detection": {
          "our_value": 0.5318622347725356,
          "baseline_value": 0.25,
          "improvement_percent": 112.74489390901424,