{
  "timestamp": 1755928588,
  "validation_type": "multimodal_threat_detection",
  "version": "1.0.0",
  "validation_report": {
    "experimental_design": {
      "scenarios_tested": [
        "apt_campaign",
        "ransomware_attack",
        "insider_threat",
        "zero_day_exploit",
        "supply_chain_attack",
        "credential_stuffing"
      ],
      "trials_per_scenario": 25,
      "total_trials": 150,
      "reproducible": true,
      "controlled_randomization": true
    },
    "performance_summary": {
      "accuracy": {
        "mean": 0.877564032484541,
        "std": 0.03416013905917066,
        "min": 0.85,
        "max": 0.9672616929706862,
        "count": 150
      },
      "false_positive_rate": {
        "mean": 0.020450955036225973,
        "std": 0.005195031684781008,
        "min": 0.007934890755893069,
        "max": 0.034683124055797376,
        "count": 150
      },
      "detection_latency": {
        "mean": 3.2844383043728547,
        "std": 0.5418588633197645,
        "min": 1.981384052416848,
        "max": 4.488516009516271,
        "count": 150
      },
      "zero_day_detection": {
        "mean": 0.7821087668380055,
        "std": 0.0479114927250427,
        "min": 0.6517000592937783,
        "max": 0.9003836260420224,
        "count": 150
      },
      "cross_modal_correlation": {
        "mean": 0.9183442533352447,
        "std": 0.030113177186265088,
        "min": 0.85,
        "max": 0.98,
        "count": 150
      },
      "feature_fusion_effectiveness": {
        "mean": 0.885592066170111,
        "std": 0.036492225009077436,
        "min": 0.8,
        "max": 0.95,
        "count": 150
      }
    },
    "scenario_breakdown": {
      "apt_campaign": {
        "accuracy": {
          "mean": 0.8561673276766237,
          "std": 0.008712929851746423
        },
        "false_positive_rate": {
          "mean": 0.021034859500914146,
          "std": 0.0058147931955443355
        },
        "detection_latency": {
          "mean": 3.7116700447384416,
          "std": 0.25866373755429345
        },
        "zero_day_detection": {
          "mean": 0.795099705427835,
          "std": 0.05762129121106365
        },
        "cross_modal_correlation": {
          "mean": 0.9171054399212821,
          "std": 0.02922152364839843
        },
        "feature_fusion_effectiveness": {
          "mean": 0.8781113369316245,
          "std": 0.038573493463562605
        }
      },
      "ransomware_attack": {
        "accuracy": {
          "mean": 0.9109974769434406,
          "std": 0.016610412437927616
        },
        "false_positive_rate": {
          "mean": 0.019573710351555636,
          "std": 0.005679559302763096
        },
        "detection_latency": {
          "mean": 2.9801797712914126,
          "std": 0.2137196104170187
        },
        "zero_day_detection": {
          "mean": 0.773760261507872,
          "std": 0.03669219596956274
        },
        "cross_modal_correlation": {
          "mean": 0.9251369832223051,
          "std": 0.026240293170929237
        },
        "feature_fusion_effectiveness": {
          "mean": 0.8905108568278863,
          "std": 0.03715322860780392
        }
      },
      "insider_threat": {
        "accuracy": {
          "mean": 0.8581873754660215,
          "std": 0.011579502441660238
        },
        "false_positive_rate": {
          "mean": 0.021053308771559344,
          "std": 0.003944244163216991
        },
        "detection_latency": {
          "mean": 3.016873370807078,
          "std": 0.22058821895564254
        },
        "zero_day_detection": {
          "mean": 0.7722417223888552,
          "std": 0.04572304488538572
        },
        "cross_modal_correlation": {
          "mean": 0.918919851398918,
          "std": 0.020988470188224927
        },
        "feature_fusion_effectiveness": {
          "mean": 0.8862087930407958,
          "std": 0.035126650534407354
        }
      },
      "zero_day_exploit": {
        "accuracy": {
          "mean": 0.85062721317478,
          "std": 0.003136065873899585
        },
        "false_positive_rate": {
          "mean": 0.02072909449670168,
          "std": 0.0065133900818088696
        },
        "detection_latency": {
          "mean": 3.7095787750001934,
          "std": 0.2561436559794361
        },
        "zero_day_detection": {
          "mean": 0.7823258370455848,
          "std": 0.03915387628609818
        },
        "cross_modal_correlation": {
          "mean": 0.911382061341185,
          "std": 0.02942152111410892
        },
        "feature_fusion_effectiveness": {
          "mean": 0.8872714445190292,
          "std": 0.03914698272191976
        }
      },
      "supply_chain_attack": {
        "accuracy": {
          "mean": 0.8572144803430412,
          "std": 0.008334160939873367
        },
        "false_positive_rate": {
          "mean": 0.019624847320451704,
          "std": 0.004793918665856961
        },
        "detection_latency": {
          "mean": 3.7593442415490053,
          "std": 0.35092639297482736
        },
        "zero_day_detection": {
          "mean": 0.7754882159836175,
          "std": 0.053021090487810806
        },
        "cross_modal_correlation": {
          "mean": 0.9185669620995333,
          "std": 0.038541779379670904
        },
        "feature_fusion_effectiveness": {
          "mean": 0.8897735610015686,
          "std": 0.03294447083458783
        }
      },
      "credential_stuffing": {
        "accuracy": {
          "mean": 0.932190321303338,
          "std": 0.01874794506512766
        },
        "false_positive_rate": {
          "mean": 0.020689909776173344,
          "std": 0.004258502335968715
        },
        "detection_latency": {
          "mean": 2.5289836228509994,
          "std": 0.3065901949065638
        },
        "zero_day_detection": {
          "mean": 0.7937368586742681,
          "std": 0.05112281647012215
        },
        "cross_modal_correlation": {
          "mean": 0.918954222028245,
          "std": 0.03456499071875633
        },
        "feature_fusion_effectiveness": {
          "mean": 0.8816764046997619,
          "std": 0.037769453641447064
        }
      }
    },
    "baseline_comparisons": {
      "traditional_ids": {
        "accuracy": {
          "our_value": 0.877564032484541,
          "baseline_value": 0.82,
          "improvement_percent": 7.020003961529392,
          "statistically_better": true,
          "z_score": 20.638456254508014,
          "magnitude": "small"
        },
        "false_positive_rate": {
          "our_value": 0.020450955036225973,
          "baseline_value": 0.15,
          "improvement_percent": 86.36602997584934,
          "statistically_better": true,
          "z_score": -305.415901269424,
          "magnitude": "large"
        },
        "detection_latency": {
          "our_value": 3.2844383043728547,
          "baseline_value": 5.2,
          "improvement_percent": 36.83772491590665,
          "statistically_better": true,
          "z_score": -43.29677931592761,
          "magnitude": "large"
        },
        "zero_day_detection": {
          "our_value": 0.7821087668380055,
          "baseline_value": 0.25,
          "improvement_percent": 212.84350673520217,
          "statistically_better": true,
          "z_score": 136.0211185544458,
          "magnitude": "large"
        }
      },
      "ml_based_detection": {
        "accuracy": {
          "our_value": 0.877564032484541,
          "baseline_value": 0.87,
          "improvement_percent": 0.8694290212116047,
          "statistically_better": true,
          "z_score": 2.7119356793115563,
          "magnitude": "small"
        },
        "false_positive_rate": {
          "our_value": 0.020450955036225973,
          "baseline_value": 0.08,
          "improvement_percent": 74.43630620471752,
          "statistically_better": true,
          "z_score": -140.3887249221345,